"00","22"
"00A","22"
"00H42","07"
"01","22"
"01A","22"
"01AA","22"
"01B","22"
"022","13"
"023","13"
"0.24B12-18","06"
"0.3B17-35","06"
"0.3B65-135","06"
"0.425B5.5-12","06"
"054V","22"
"084","22"
"0.85B5.5-12","06"
"0A2","07"
"0A2WA","07"
"0A3","07"
"0B2","07"
"0B2WA","07"
"0B3","07"
"0C2","07"
"0C3","07"
"0D3","07"
"0E3","07"
"0G3","07"
"100AC","22"
"100E1","07"
"100R","06"
"1014","06"
"101D","22"
"101F","22"
"101FA","22"
"10","22"
"10","23"
"102D","22"
"102F","22"
"104D","22"
"104V","22"
"105s5-30","07"
"1070","44"
"1072","44"
"108C1","07"
"10E/11398","27"
"10E/11400","21"
"10E/11401","32"
"10E/131","27"
"10E/348","22"
"10E/394","22"
"10E/405","37"
"10E/603","32"
"10L1","22"
"10M2","41"
"10Y","22"
"1102","06"
"110E/18","07"
"1111","06"
"11","22"
"112A","22"
"113","46"
"113A","46"
"114","23"
"114B","23"
"116","45"
"117Z3","45"
"117Z4","45"
"11TU7","02"
"1200","46"
"1201","22"
"1201","46"
"1203","45"
"1206","58"
"121","13"
"122","13"
"12","22"
"1225","29"
"122P224","05"
"1230","22"
"1247","45"
"1","26"
"1266","07"
"127","22"
"1274","46"
"1275","46"
"1276","23"
"1294","20"
"1294","45"
"1299","27"
"12A","22"
"12AL5","52"
"12AT7","35"
"12AU6","26"
"12AU7","35"
"12AX4","45"
"12AX7","35"
"12H6","52"
"12NG","45"
"12S7","56"
"12X3","45"
"12X4","46"
"12Z3","45"
"12Z5","46"
"13201","07"
"13201A","07"
"13202X","07"
"13","46"
"137A","22"
"13D1","35"
"13H2","26"
"13H3","28"
"13M1","30"
"13MU4","41"
"13PGA","29"
"13U12","28"
"13U13","22"
"13U14","21"
"13U4","21"
"13U6","45"
"13U7","45"
"14076","22"
"14077","22"
"14078","22"
"1-409","22"
"140NG","46"
"1-415","22"
"1-425","22"
"143D","45"
"144V","22"
"145","23"
"1456","06"
"14NG","45"
"14Y4","46"
"14Z3","45"
"150","23"
"150A1","07"
"150B2","07"
"150C1","07"
"150C1K","07"
"150C2","07"
"150C3","07"
"150R","06"
"15","22"
"1.5/60","22"
"1560","46"
"1561","46"
"1562","45"
"15A2","29"
"15D1","29"
"15D2","29"
"1602","22"
"1608","23"
"16","22"
"1626","23"
"1633","35"
"1634","35"
"1635","35"
"1637","27"
"1638","21"
"1642","35"
"1644","54"
"16","45"
"164V","23"
"1654","45"
"1655","35"
"1659","32"
"16A5","27"
"16B","45"
"16D1","35"
"16NG","45"
"17","22"
"1763","45"
"17Z3","45"
"18004","22"
"1800","45"
"1801","46"
"1802","45"
"1802","46"
"1803","46"
"180","46"
"1805","46"
"1807","46"
"1810","45"
"181","23"
"1815","46"
"1817","46"
"1821","46"
"1823","46"
"182A","23"
"182B","23"
"1831","46"
"183","23"
"1832","45"
"1861","46"
"1867","46"
"1868","46"
"1875","45"
"1876","45"
"1877","45"
"1878","45"
"1881","46"
"1881A","46"
"1882","46"
"1883","46"
"18C51","35"
"18NG","45"
"1903","06"
"1904","06"
"1905","06"
"1910","06"
"1911","06"
"1913","06"
"1918","06"
"1920","06"
"19","22"
"1926","06"
"1927","06"
"1928","06"
"1929","06"
"1930","06"
"1933","06"
"1941","06"
"1945","06"
"1947","06"
"1949","06"
"1970-0002","05"
"1970-0009","05"
"1970-0016","05"
"1970-0017","05"
"1970-0018","05"
"1970-0025","05"
"1970-0028","05"
"1970-0032","05"
"1970-0035","05"
"1970-0046","05"
"1970-0047","05"
"19AU4","20"
"19SU","45"
"19U3","45"
"19W3","45"
"19X3","45"
"19Y3","45"
"19Y40","45"
"1A3","20"
"1A4E","26"
"1A4P","24"
"1A4P","26"
"1A7","46"
"1AH5","56"
"1AX2","45"
"1B10-17","06"
"1B3","45"
"1B3GT","45"
"1B5-9","06"
"1C5GT","27"
"1D13","45"
"1D5","45"
"1D6","45"
"1FW1","46"
"1KR1","45"
"1L4","26"
"1L60","22"
"1L61","22"
"1M1","41"
"1M3","41"
"1N3","41"
"1N51","22"
"1P10","27"
"1P11","27"
"1R","26"
"1R4","20"
"1R4","45"
"1S4","27"
"1S5","56"
"1T","27"
"1T4","26"
"1U5","56"
"1V","45"
"1W2","46"
"1W3","46"
"1W4","27"
"1W50","22"
"1X2","45"
"1X4/350","46"
"1Y2","45"
"1Z2","45"
"200","22"
"200A","22"
"200RI","06"
"200RII","06"
"201","22"
"201A","22"
"201B","22"
"20","22"
"202","22"
"202MPG","29"
"205D","23"
"205E","23"
"205F","23"
"20BF","22"
"20C3","22"
"20CH4U","38"
"20D3","29"
"20DC","22"
"20DP1","47"
"20DR","22"
"20L1","35"
"20Y1","45"
"20Y40","45"
"2103","54"
"210HF","22"
"210HL","22"
"210LF","22"
"210PG","29"
"210PGA","29"
"210PSG","29"
"210RC","22"
"210SPG","29"
"211","13"
"213","46"
"215A","22"
"215P","22"
"21A6","27"
"2200","46"
"220","22"
"220DD","21"
"220LF","22"
"220MPG","29"
"220P","22"
"220PA","22"
"220RC","22"
"2210","13"
"221","13"
"2","22"
"222","13"
"2230","13"
"223","13"
"223/7","13"
"224","13"
"224","24"
"225DU","46"
"227","13"
"227","22"
"230","22"
"230PX","22"
"230XP","22"
"231","22"
"2340","46"
"235","24"
"237","22"
"240","22"
"2-405","22"
"2-406","22"
"2-409","22"
"240B","22"
"240B","35"
"240NG","46"
"241NG","46"
"24","22"
"24","24"
"2-424","22"
"2-438","22"
"2-442","24"
"2-443","27"
"244V","22"
"244VX","22"
"245","22"
"247","27"
"247A","22"
"247M","22"
"24A","24"
"24G","22"
"2504","20"
"2506","46"
"251","24"
"252A","22"
"256","22"
"257","26"
"257A","22"
"258","26"
"25A6G","27"
"25AX4","45"
"25RE","46"
"25T3","46"
"25U4","45"
"25V5","51"
"25VG5","51"
"25W4","45"
"25X5","45"
"25X6","51"
"25Y4","45"
"25Y5","51"
"25Y5G","51"
"25Y6","45"
"25Z3","45"
"25Z4","45"
"25Z5","51"
"25Z5G","51"
"25Z5MG","51"
"25Z6","51"
"25Z6G","51"
"26","22"
"262B","22"
"263","46"
"264C","22"
"26Z6","46"
"271A","22"
"27","22"
"272A","22"
"274A","46"
"275","32"
"275A","22"
"276","22"
"2769","46"
"27HM","22"
"27SU","45"
"280","46"
"280M","46"
"281","45"
"282","46"
"283","46"
"284","46"
"288","46"
"28Z5","46"
"291A","29"
"29","35"
"29C1","20"
"2A3","23"
"2A3-40 (JJE)","23"
"2A5","27"
"2A6","32"
"2A7","29"
"2B10","32"
"2B11","22"
"2B12","35"
"2B1","26"
"2B13","22"
"2B14","27"
"2B15","27"
"2B21","45"
"2B22","20"
"2B2","26"
"2B25","45"
"2B26","45"
"2B3","26"
"2B35","20"
"2B35","45"
"2B36","20"
"2B4","26"
"2B5","35"
"2B6","35"
"2B7","17"
"2B8","53"
"2B9","27"
"2C21","35"
"2C22","22"
"2C25","22"
"2C26","22"
"2C34","35"
"2C36","22"
"2C37","22"
"2C39","22"
"2C40","22"
"2C40","23"
"2C45","22"
"2C46","22"
"2C47","22"
"2C48","24"
"2C50","35"
"2C51","35"
"2C52","35"
"2D1","21"
"2D13","21"
"2D13A","21"
"2D13C","21"
"2D21","42"
"2D2","21"
"2D4","21"
"2D4A","21"
"2D4B","21"
"2E22","27"
"2E24","27"
"2E25","27"
"2E26","27"
"2E30","27"
"2E31","26"
"2E32","26"
"2E35","26"
"2E36","26"
"2E41","56"
"2E42","56"
"2G21","38"
"2G22","38"
"2G4","24"
"2L0","22"
"2L20","22"
"2NG","46"
"2P","22"
"2R100","46"
"2S/4S","46"
"2U14","22"
"2U15","22"
"2V3","45"
"2W3","45"
"2X2","45"
"2X3","45"
"2XP","22"
"2Y2","45"
"2Z2","45"
"3006","45"
"300B (JJE)","23"
"3015-F","03"
"301A","22"
"30","22"
"3074A","53"
"30BG","45"
"30L1","35"
"30L2","35"
"30NG","45"
"30X","22"
"30Z","22"
"310","22"
"310A","22"
"321","13"
"322","13"
"326","22"
"327","22"
"330","22"
"33","35"
"33E1","27"
"340-0004","05"
"340-0005","05"
"3-405","23"
"34","35"
"345","23"
"3-453","27"
"345A","46"
"347A","22"
"351A","46"
"35","24"
"3530","13"
"354V","22"
"354VX","22"
"35/51","24"
"3554","13"
"356","22"
"35RE","46"
"35W4","45"
"35X4","45"
"35Y4","45"
"35Z3","45"
"35Z4","45"
"35Z5","45"
"35Z6","51"
"371","23"
"37","22"
"376","22"
"37A","22"
"380","46"
"38071","22"
"38071","23"
"381","45"
"38205","07"
"38215","27"
"38227","17"
"382","46"
"38255","51"
"383","46"
"384","46"
"38567R","46"
"38636","26"
"38646","26"
"396A","35"
"3A2","45"
"3A3","45"
"3A4","27"
"3A5","35"
"3AL5","52"
"3BP11-A","15"
"3BP1-A","15"
"3BP2-A","15"
"3CS5","29"
"3CS6","29"
"3D6","27"
"3E22","58"
"3G10","46"
"3G130","46"
"3G15","46"
"3G310","46"
"3JP11","15"
"3JP1","15"
"3JP2","15"
"3JP7","15"
"3KP11","15"
"3KP1","15"
"3KP2","15"
"3M1","30"
"3Q4","27"
"3Q5GT","27"
"3RDDP6","34"
"3REP6","27"
"3RKP6","27"
"3S21","22"
"3S22","22"
"3S23","22"
"3S24","22"
"3S26","22"
"3S28","22"
"3S4","27"
"3V4","27"
"401A","22"
"4021","05"
"40","22"
"402P","23"
"4031","05"
"4032","05"
"4038","05"
"4041","05"
"405BU","46"
"4060","22"
"406","22"
"406AS","22"
"406H","22"
"406N","22"
"406U","22"
"406W","22"
"4074A","35"
"407A","22"
"408BU","46"
"408BV","46"
"408L","23"
"40SUA","45"
"40Z","22"
"40Z5","45"
"410","22"
"410HF","22"
"410L","22"
"410LF","22"
"410P","23"
"410RC","22"
"410SC","22"
"410SG","22"
"411-0284","05"
"411","13"
"411","23"
"411284","05"
"412BU","46"
"415A","22"
"415SP","23"
"416GP","23"
"417A","22"
"41FP","23"
"41MH","22"
"41MHF","22"
"41MHL","22"
"41MLF","22"
"41MP","22"
"41MPG","29"
"41MRC","22"
"41MTB","22"
"41MTL","22"
"41MTS","54"
"41MXP","22"
"4200840","05"
"4200841","05"
"421","13"
"422","13"
"42","22"
"42","27"
"423","13"
"424","13"
"424A","24"
"425XP","23"
"426","22"
"427","22"
"430","22"
"430K","23"
"43","27"
"43","35"
"435","24"
"4357","07"
"437","22"
"43IU","46"
"43JU","46"
"445","22"
"446A","22"
"446A","23"
"446B","23"
"44IU","46"
"44JU","46"
"44SU","45"
"450A","23"
"452","06"
"45","23"
"45A","22"
"45A","23"
"45A5","27"
"45IU","46"
"45Z3","45"
"45Z5","45"
"4605","22"
"4606","22"
"4607","22"
"4608","23"
"4609","22"
"460BU","46"
"4611","22"
"4613","23"
"4614","23"
"4617","23"
"4619","46"
"4623","20"
"4630","22"
"4631","22"
"4635","22"
"4647","46"
"4648","46"
"4651","46"
"4652","44"
"4652","46"
"4655","46"
"4657","22"
"4670","54"
"4674","45"
"4677","41"
"4678","41"
"4682","27"
"4683","23"
"4684","27"
"4687","07"
"4687A","07"
"4688","27"
"4689","27"
"4693","26"
"47","27"
"475K","23"
"480","46"
"481","45"
"482","46"
"482A","23"
"482B","23"
"483","46"
"484V","22"
"484VX","22"
"485","22"
"4A07","22"
"4A08","22"
"4A10","22"
"4A10","26"
"4A11","26"
"4A120","22"
"4A12","30"
"4A1","24"
"4A1","26"
"4A13","21"
"4A14","48"
"4A15","22"
"4A15","24"
"4A16","30"
"4A17","26"
"4A18","26"
"4A19","28"
"4A20","22"
"4A20","35"
"4A21","21"
"4A22","32"
"4A2","24"
"4A23","27"
"4A24","27"
"4A25","27"
"4A26","27"
"4A27","27"
"4A28","23"
"4A3","22"
"4A4","27"
"4A5","27"
"4A6","22"
"4A6G","35"
"4A7","22"
"4A80","22"
"4A80n","22"
"4A90","22"
"4A9","26"
"4AAF","22"
"4AF","22"
"4B06","22"
"4B1-3","22"
"4B2","22"
"4B3","22"
"4B4","27"
"4B5","23"
"4B6","24"
"4B7","24"
"4BF","23"
"4BFF2","23"
"4BFF","23"
"4C101","23"
"4C102","22"
"4C103","22"
"4C1","22"
"4C1A","22"
"4C2","22"
"4C3","22"
"4C4","22"
"4C5","23"
"4C6","22"
"4CC1","35"
"4CG10A2","04"
"4D06","24"
"4D1","21"
"4D1","22"
"4D1","23"
"4D","22"
"4D80","24"
"4DA10","24"
"4DC1","22"
"4DC","22"
"4DE","24"
"4E104","26"
"4E1","26"
"4E1","27"
"4E201","26"
"4E2","26"
"4E4","26"
"4F","27"
"4F3","26"
"4F7","26"
"4G1000","45"
"4G100","45"
"4G105","46"
"4G106","46"
"4G15","45"
"4G200","46"
"4G25","45"
"4G30","46"
"4G35","45"
"4G5000","45"
"4G50","45"
"4G60","46"
"4GAF","24"
"4GBF","27"
"4GG1","46"
"4GG2","46"
"4GG3","21"
"4GG4","21"
"4GG5","21"
"4GG6","21"
"4H06","22"
"4H07","22"
"4H07N","22"
"4H08","22"
"4H1","26"
"4H2","26"
"4H3","28"
"4H80","22"
"4K100","22"
"4K110","23"
"4K170","23"
"4K30","22"
"4K32","22"
"4K50","22"
"4K60","22"
"4K61","22"
"4L11","22"
"4L12","22"
"4L13","22"
"4L13A","22"
"4L14","22"
"4L15","22"
"4L16","22"
"4L20","22"
"4L28","22"
"4L29","22"
"4L30","23"
"4M1","30"
"4M2_(1)","37"
"4M2_(2)","37"
"4MBT","22"
"4N08","22"
"4N100","22"
"4N110","22"
"4R1","46"
"4R2","46"
"4R3","46"
"4S","46"
"4TP","39"
"4TSA","54"
"4U130","22"
"4V1","32"
"4V2","21"
"4VGL100","46"
"4W03","22"
"4W08","22"
"4W100","22"
"4W120","22"
"4W14","22"
"4W200","22"
"4XP","22"
"4Y35","45"
"4Z11","46"
"4Z60A","46"
"4Z60B","46"
"4Z60C","46"
"50","22"
"50","23"
"5031","05"
"50347","05"
"5037","05"
"505","45"
"506","46"
"506BU","46"
"5092","05"
"5092A","05"
"509AX","22"
"50AX6","51"
"50C5","27"
"50X6","51"
"50Y1U","45"
"50Y6","51"
"50Y7","51"
"50Z6","51"
"50Z7","51"
"510AX","58"
"51","24"
"515BX","22"
"516AX","22"
"522","13"
"52KU","46"
"53","35"
"53KU","46"
"5-409","22"
"5-415","22"
"5-428","22"
"5-438","22"
"5-448","28"
"5-449","28"
"5-499","22"
"54KU","46"
"55","32"
"5556","23"
"559","45"
"56","22"
"5641","45"
"5642","45"
"5647","20"
"5651","07"
"5656","58"
"5670","35"
"5676","22"
"5677","22"
"5687","35"
"568AX","22"
"5691","35"
"5692","35"
"5694","35"
"5695","43"
"5697","22"
"56AS","22"
"56S","22"
"5703","22"
"5704","45"
"5718","22"
"5719","22"
"5722","20"
"57","26"
"573AX","22"
"5744","22"
"5744WA","22"
"5749","26"
"5750","29"
"5751","35"
"5755","35"
"5785","45"
"5799","45"
"5810","05"
"5825","45"
"58","26"
"5829","51"
"5830","27"
"5838","46"
"5839","46"
"5842","22"
"5844","35"
"5845","20"
"5861","22"
"5870L","05"
"5870S","05"
"5870ST","05"
"5873","35"
"5882","46"
"5896","46"
"5897","22"
"5898","22"
"58CG","13"
"5903","46"
"5904","22"
"5920","35"
"5930","23"
"5931","46"
"5961","29"
"5963","35"
"5964","35"
"5965","35"
"5967","35"
"5968","35"
"5969","58"
"5970","54"
"5971","22"
"5975","22"
"5977","22"
"5987","22"
"5991","05"
"5993","46"
"5995","45"
"5998","22"
"5A-156M","26"
"5AQ4","46"
"5AR4","46"
"5AW4","46"
"5AX4","46"
"5AZ4","46"
"5BP11-A","15"
"5BP1-A","15"
"5BP2-A","15"
"5CP11-A","15"
"5CP1-A","15"
"5CP2-A","15"
"5CP7-A","15"
"5CP7A","15"
"5R4","46"
"5T4","46"
"5U4","46"
"5U4GA","46"
"5U4GB","46"
"5V4","46"
"5W4","46"
"5X3","46"
"5X4","46"
"5X4G","46"
"5XX","22"
"5Y3","46"
"5Y3G","46"
"5Y4","46"
"5YP11","15"
"5YP1","15"
"5YP2","15"
"5YP7","15"
"5Z3","46"
"5Z4","46"
"5Z4G","46"
"5Z4GT","46"
"5Z5","46"
"6005","27"
"600AX","22"
"601","23"
"6026","22"
"6029","22"
"6042","35"
"6050","22"
"605","22"
"6052","46"
"6053","46"
"6055","22"
"6057","35"
"6058","46"
"6058","52"
"6060","35"
"606","22"
"6063","46"
"6067","35"
"606BX","45"
"6072","35"
"6074","07"
"6080","35"
"6082","35"
"6085","35"
"60NG","21"
"6101","35"
"610HF","22"
"610LF","22"
"610P","22"
"610RC","22"
"610XP","22"
"6110","46"
"6111","35"
"6112","35"
"612BU","46"
"6135","22"
"6149","22"
"6151","22"
"6152","22"
"6169","22"
"6173","20"
"619CX","22"
"61P","22"
"6202","46"
"620T","23"
"6211","35"
"6252","63"
"6267","26"
"6354","07"
"6360","63"
"6374","45"
"6375","22"
"6385","35"
"6386LGP (JJE)","35"
"63SPT","26"
"6443","45"
"6489","20"
"64ME","41"
"64SU","45"
"6535","22"
"653B","45"
"660T","23"
"66KU","46"
"67","22"
"675","32"
"67A","22"
"6802","04"
"680P","22"
"680XP","22"
"6844A","05"
"6909","04"
"6A7","29"
"6A7E","29"
"6A8G","29"
"6AB4","22"
"6AJ8","38"
"6AK5","26"
"6AK8","33"
"6AL5","52"
"6AM5","27"
"6AM6","26"
"6AQ4","22"
"6AQ5","27"
"6AQ5L","27"
"6AQ5W","27"
"6AQ8","35"
"6AT6","32"
"6AU4","20"
"6AU6","26"
"6AV6","32"
"6AW4","46"
"6AW5","51"
"6AX2","20"
"6AX4","45"
"6AX5","46"
"6AX6","51"
"6AZ5","52"
"6AZ6","52"
"6B22","52"
"6B7","17"
"6B8","17"
"6B8EG","17"
"6B8G","17"
"6BA6","26"
"6BA6W","26"
"6BE6W","29"
"6BE7","31"
"6BL4","45"
"6BL8","36"
"6BQ5","27"
"6BQ7A","35"
"6BT4","46"
"6BX4","46"
"6BX6","26"
"6BY7","26"
"6C4","22"
"6C6","26"
"6CA4","46"
"6CA7","27"
"6CD7","41"
"6CH6","27"
"6CJ5","26"
"6CK5","27"
"6CK6","27"
"6CN6","27"
"6CQ6","26"
"6CT7","56"
"6CU7","37"
"6CV7","32"
"6D1","20"
"6D1","45"
"6D2","52"
"6D3","20"
"6D6","26"
"6DA6","26"
"6DR4","20"
"6E5","27"
"6E6","27"
"6E6","35"
"6E7","27"
"6E8","30"
"6E8G","37"
"6EA7","29"
"6F16","26"
"6F21","26"
"6F6G","27"
"6F7","36"
"6FX4","46"
"6G5","41"
"6GG6","46"
"6H31","29"
"6H4","20"
"6H6","21"
"6H6","52"
"6H6G","21"
"6J5G","22"
"6J6","35"
"6J7G","26"
"6K7G","26"
"6K8G","37"
"6L12","35"
"6L13","35"
"6L18","22"
"6L19","35"
"6L34","22"
"6L6G","24"
"6L6GC (JJE)","26"
"6M2","41"
"6N7G","35"
"6PT5","22"
"6Q4","22"
"6Q7G","32"
"6Q8","29"
"6R4","22"
"6R7","46"
"6RH2","22"
"6S2","45"
"6SC7","35"
"6SL7GT","35"
"6T8","33"
"6U3","45"
"6U4","45"
"6U5","41"
"6V3","45"
"6V4","46"
"6V6G","24"
"6V6S (JJE)","26"
"6W2","45"
"6W4","45"
"6W5","46"
"6X2","45"
"6X3","45"
"6X4","46"
"6X5","46"
"6X5G","46"
"6X5GT","46"
"6Y2D","45"
"6Y3","45"
"6Y5","46"
"6Z3","45"
"6Z40","46"
"6Z4","46"
"6Z5","46"
"6Z6","51"
"6ZDH3","32"
"6ZP1","27"
"6ZY5","46"
"7009","05"
"7027 (JJE)","26"
"70","35"
"70406","22"
"70407","22"
"70409","22"
"70411","22"
"70416","22"
"70417","22"
"70419","22"
"70450","21"
"70502","22"
"70503","22"
"70504","22"
"70550","21"
"70551","21"
"70580","22"
"70581","22"
"71","23"
"71401","23"
"71402","23"
"71403","23"
"71411","23"
"71412","23"
"71414","23"
"71510","23"
"7153","05"
"7193","22"
"71A","22"
"71A","23"
"71B","22"
"72404","23"
"72406","23"
"73301","45"
"73302","46"
"73401","23"
"73402","23"
"73403","23"
"74301","46"
"74303","46"
"7475","07"
"75","23"
"75301","46"
"75302","45"
"75303","46"
"75305","46"
"75","32"
"7591S (JJE)","27"
"75A","23"
"75C1","07"
"75H","23"
"76","22"
"76301","46"
"76303","46"
"77","26"
"77304","45"
"77305","46"
"77E","26"
"78","26"
"78E","26"
"79301","44"
"79","35"
"7977","05"
"7980","07"
"7A6","52"
"7C4","20"
"7G7","26"
"7X6","51"
"7Y4","46"
"7Y7","46"
"7Z4","46"
"801A","23"
"8037","05"
"80","46"
"80G","46"
"80S","46"
"81","45"
"81M","45"
"82","46"
"83","46"
"8353","04"
"83A1","07"
"83V","46"
"841","23"
"8421","05"
"842","23"
"8423","05"
"843","23"
"8433","04"
"84","46"
"84/6Z4","46"
"8502","05"
"85A1","07"
"85A2","07"
"8754","05"
"879","45"
"8843","01"
"88","46"
"89RS","17"
"8P24","27"
"9002","22"
"9004","45"
"9005","45"
"9006","45"
"90","22"
"9072","22"
"90AC","22"
"90AG","13"
"90AV","13"
"90C1","07"
"90CG","13"
"90CV","13"
"90V9","45"
"914","13"
"917","13"
"9172","13"
"921","13"
"922","13"
"923","13"
"9233","13"
"924","13"
"925","13"
"926","13"
"9271","13"
"927","13"
"9272","13"
"928","13"
"930","13"
"951F","46"
"96","45"
"9910","58"
"9910","63"
"99","22"
"9PA35","27"
"9PW4L","27"
"A224","24"
"A227","22"
"A235","24"
"A245","23"
"A247","27"
"A25","23"
"A255","32"
"A256","22"
"A257","26"
"A258","26"
"A4006B","32"
"A4110","22"
"A430N","22"
"A4AM7","26"
"A4AMS3","26"
"A4DD","21"
"A4DD2","21"
"A4DP2","32"
"A4FF2","27"
"A4FF4","27"
"A642","27"
"A675","32"
"A676","22"
"A677","26"
"A678","26"
"A70E","27"
"A750","23"
"AA61","35"
"AAB1","49"
"AB1","21"
"AB2","21"
"ABC1","32"
"ABL1","34"
"AC100","22"
"AC101","22"
"AC102","22"
"AC2","22"
"AC50","22"
"AC701","22"
"AC761","22"
"ACH1_(1)","37"
"ACH1_(2)","37"
"ACSG4","24"
"AD100","23"
"AD101","23"
"AD102","23"
"AD1","23"
"AD1/350","23"
"AF100","26"
"AF2","26"
"AF3","26"
"AF7","26"
"AG4100","22"
"AG4101","22"
"AG495","22"
"AG5209","07"
"AG5210","07"
"AG5211","07"
"AG78","26"
"AGX2270","22"
"AGX56","22"
"AK1","30"
"AK2","30"
"AL1","27"
"AL2","27"
"AL3","27"
"AL4","27"
"AL4/375","27"
"AL495","22"
"AL5","27"
"AL5/375","27"
"AL60","27"
"AL860","27"
"AM1","41"
"AM2","41"
"AP495","23"
"APP4100","27"
"APP4120","27"
"APP4130","27"
"APP495","27"
"APPX2470","27"
"APV4200","46"
"AR21","32"
"AR4100","22"
"AR4101","22"
"AR4120","22"
"AR495","22"
"AR7","21"
"AR7","22"
"AR7","23"
"ARDD3","21"
"ARDD5","21"
"ARP34","26"
"ARP35","26"
"AS4100","24"
"AS4104","24"
"AS4105","24"
"AS4120","24"
"AS4125","24"
"AS494","24"
"AS495","24"
"ASX2240","24"
"ASX2350","24"
"ASX57","26"
"ASX58","26"
"AW6","41"
"AX1","44"
"AX1","46"
"AX50","44"
"AZ11","46"
"AZ11N","46"
"AZ12","46"
"AZ1","46"
"AZ150","46"
"AZ21","46"
"AZ2","46"
"AZ31","46"
"AZ32","46"
"AZ33","46"
"AZ3","46"
"AZ41","46"
"AZ4","46"
"AZ50","46"
"B2041","24"
"B2045","24"
"B217","27"
"B4021","05"
"B4021AL","05"
"B4021G","05"
"B4021L","05"
"B4031","05"
"B4032","05"
"B4038","05"
"B4041","05"
"B405","22"
"B405","23"
"B406","22"
"B4081","05"
"B4998","05"
"B49989","05"
"B49990","05"
"B5016","05"
"B5031","05"
"B50347","05"
"B5037","05"
"B5092","05"
"B5092 A","05"
"B5440","05"
"B5440A","05"
"B5441","05"
"B5441A","05"
"B5441X","05"
"B5442","05"
"B5442A","05"
"B5445","05"
"B5448","05"
"B5448A","05"
"B5560","05"
"B5870","05"
"B5870L","05"
"B5870S","05"
"B5870S7","05"
"B5870SF","05"
"B5870ST","05"
"B5870T","05"
"B5870TF","05"
"B5961","05"
"B5991","05"
"B59956","05"
"B6033","05"
"B6037","05"
"B6091","05"
"B6844A","05"
"B7009","05"
"B7153","05"
"BB1","21"
"BCH1","37"
"BD200","05"
"BD200S","05"
"BD206","05"
"BD214","05"
"BD","23"
"BD244","05"
"BD302","05"
"BEP61","26"
"BHP61","26"
"BilV","22"
"BL2","27"
"C10","06"
"C1","06"
"C1","07"
"C11","06"
"C12","06"
"C1X","06"
"C2","06"
"C2C","07"
"C2Z","06"
"C3","06"
"C3C","07"
"C405","23"
"C4","06"
"C4C","07"
"C5","07"
"C6","06"
"C7","06"
"C8","06"
"C9","06"
"CABL21","55"
"CB1","21"
"CB220","35"
"CB2","21"
"CBC1","32"
"CBL1","34"
"CBL31","34"
"CBL6","34"
"CC1","22"
"CC2","22"
"CCH1","37"
"CCH2","37"
"CCH35","37"
"CD101","05"
"CD13","05"
"CD13A","05"
"CD19","05"
"CD25","05"
"CD43","05"
"CD56","05"
"CD56A","05"
"CD58","05"
"CD92","05"
"C/EM2","41"
"CEV1429","27"
"CF1","26"
"CF2","26"
"CF3","26"
"CF50","26"
"CF51","26"
"CF61","37"
"CF7","26"
"CK108","26"
"CK1","30"
"CK1907","05"
"CK1916","05"
"CK1917","05"
"CK1918","05"
"CK3","30"
"CK5651","07"
"CK608CX","22"
"CK6802","04"
"CK6844A","05"
"CK6909","04"
"CK8037","05"
"CK8421","05"
"CK8754","05"
"CL104","23"
"CL1","27"
"CL2","27"
"CL33","27"
"CL4","27"
"CL6","27"
"CL975","23"
"CT783","04"
"CV1000","21"
"CV1000","22"
"CV1000","23"
"CV10098","26"
"CV1019","23"
"CV1020","22"
"CV1021","22"
"CV1022","22"
"CV1023","22"
"CV1027","22"
"CV10318","22"
"CV10322","35"
"CV10324","52"
"CV10326","27"
"CV10327","26"
"CV10328","21"
"CV10330","46"
"CV10341","27"
"CV1036","22"
"CV1039","46"
"CV1040","23"
"CV1042","22"
"CV1043","29"
"CV1052","27"
"CV1053","26"
"CV1054","21"
"CV1055","32"
"CV1056","26"
"CV10566","35"
"CV1","06"
"CV10662","35"
"CV10665","42"
"CV10666","35"
"CV1068","07"
"CV1069","07"
"CV10708","45"
"CV10709","27"
"CV10710","27"
"CV10726","39"
"CV10746","39"
"CV1077","41"
"CV10782","36"
"CV1091","26"
"CV1092","20"
"CV1099","37"
"CV1107","29"
"CV1109","21"
"CV1109","22"
"CV1109","23"
"CV1117","22"
"CV1123","26"
"CV1135","26"
"CV1136","26"
"CV1137","22"
"CV1152","22"
"CV1158","24"
"CV1159","24"
"CV1160","22"
"CV1161","22"
"CV1166","23"
"CV1168","23"
"CV1173","22"
"CV1177","21"
"CV1177","22"
"CV1177","23"
"CV1180","22"
"CV1197","22"
"CV1200","22"
"CV12","06"
"CV1","22"
"CV1268","46"
"CV1285","35"
"CV1286","27"
"CV1288","22"
"CV1289","46"
"CV1301","21"
"CV1301","52"
"CV1305","21"
"CV1305","22"
"CV1305","23"
"CV1310","22"
"CV1311","22"
"CV1313","22"
"CV1347","37"
"CV1352","41"
"CV135","45"
"CV137","47"
"CV1375","26"
"CV1376","26"
"CV1377","46"
"CV138","26"
"CV139","22"
"CV1401","27"
"CV1402","45"
"CV1404","26"
"CV140","52"
"CV1417","13"
"CV1426","30"
"CV1427","26"
"CV1428","32"
"CV1429","27"
"CV1433","22"
"CV1434","41"
"CV1451","46"
"CV1458","22"
"CV1463","34"
"CV1464","26"
"CV1535","46"
"CV1565","22"
"CV1567","22"
"CV1578","26"
"CV1581","37"
"CV1584","22"
"CV159","27"
"CV1611","22"
"CV1652","22"
"CV1653","22"
"CV1654","22"
"CV1662","23"
"CV1664","22"
"CV1686","20"
"CV1687","20"
"CV1706","17"
"CV1707","27"
"CV1708","46"
"CV1709","26"
"CV1710","26"
"CV1711","17"
"CV1712","22"
"CV1712","27"
"CV1713","26"
"CV1714","26"
"CV1715","32"
"CV1728","22"
"CV173","26"
"CV1739","04"
"CV1740","04"
"CV1741","27"
"CV1749","23"
"CV1751","35"
"CV1752","24"
"CV1755","23"
"CV1769","32"
"CV1772","27"
"CV1773","46"
"CV1774","22"
"CV1778","22"
"CV1779","22"
"CV1790","46"
"CV1800","46"
"CV1802","46"
"CV1804","47"
"CV1805","27"
"CV1806","45"
"CV181","35"
"CV1816","45"
"CV1820","47"
"CV1830","45"
"CV1831","23"
"CV1832","07"
"CV1833","07"
"CV1834","27"
"CV18","35"
"CV1837","17"
"CV1843","45"
"CV1846","46"
"CV1849","46"
"CV1850","35"
"CV1852","46"
"CV1854","46"
"CV1856","46"
"CV1857","46"
"CV1861","46"
"CV1862","27"
"CV1863","46"
"CV1864","46"
"CV1865","22"
"CV1870","29"
"CV188","07"
"CV1886","22"
"CV1888","22"
"CV1891","17"
"CV1895","07"
"CV1899","22"
"CV1900","26"
"CV1911","27"
"CV1915","36"
"CV1930","52"
"CV1932","22"
"CV1941","26"
"CV1944","37"
"CV1947","24"
"CV1955","26"
"CV1963","46"
"CV1964","46"
"CV1977","27"
"CV1X","06"
"CV2000","26"
"CV2001","26"
"CV2004","52"
"CV2005","52"
"CV2006","26"
"CV2012","07"
"CV2025","26"
"CV2","06"
"CV2101","26"
"CV2102","27"
"CV2103","26"
"CV2104","56"
"CV2105","26"
"CV2106","27"
"CV2107","26"
"CV2115","45"
"CV2132","13"
"CV2133","13"
"CV2134","13"
"CV216","07"
"CV2172","22"
"CV2189","50"
"CV2190","50"
"CV2191","15"
"CV2195","26"
"CV2206","45"
"CV2221","50"
"CV2223","02"
"CV2225","07"
"CV2235","45"
"CV2239","22"
"CV2241","45"
"CV2259","27"
"CV2260","26"
"CV2270","13"
"CV2271","04"
"CV2275","22"
"CV228","50"
"CV2288","27"
"CV2300","27"
"CV2331","27"
"CV234","50"
"CV2370","27"
"CV2382","27"
"CV2390","27"
"CV244","26"
"CV2500","45"
"CV2501","22"
"CV2502","23"
"CV2503","22"
"CV2504","22"
"CV2505","29"
"CV2509","23"
"CV2510","45"
"CV2514","27"
"CV2530","45"
"CV2533","22"
"CV2533","23"
"CV2535","35"
"CV2537","32"
"CV2539","22"
"CV2545","35"
"CV2546","45"
"CV2547","46"
"CV2548","46"
"CV2553","22"
"CV2566","23"
"CV2567","23"
"CV2570","22"
"CV2571","22"
"CV2573","07"
"CV2575","35"
"CV2578","35"
"CV2593","22"
"CV2601","22"
"CV2602","22"
"CV2603","46"
"CV2604","22"
"CV2606","46"
"CV2613","22"
"CV2630","46"
"CV2640","46"
"CV2643","22"
"CV2644","46"
"CV2645","46"
"CV2678","45"
"CV2679","45"
"CV2698","46"
"CV2705","20"
"CV2705","45"
"CV2706","20"
"CV2709","20"
"CV2718","45"
"CV2721","27"
"CV2726","27"
"CV273","22"
"CV2742","23"
"CV2742","26"
"CV2748","46"
"CV2764","22"
"CV2766","07"
"CV2769","45"
"CV2795","26"
"CV2821","35"
"CV2831","35"
"CV2833","26"
"CV283","52"
"CV2844","46"
"CV2847","45"
"CV2860","46"
"CV2861","46"
"CV2862","46"
"CV2869","15"
"CV2875","27"
"CV2882","52"
"CV2887","47"
"CV2888","27"
"CV2901","26"
"CV2903","07"
"CV2907","26"
"CV2911","27"
"CV2925","17"
"CV2926","34"
"CV2927","22"
"CV2929","37"
"CV2930","37"
"CV2931","20"
"CV2933","22"
"CV2934","15"
"CV2935","15"
"CV2938","27"
"CV2940","27"
"CV2941","27"
"CV2942","41"
"CV2956","29"
"CV296","26"
"CV2966","45"
"CV2970","58"
"CV2975","27"
"CV2980","41"
"CV2983","27"
"CV2984","35"
"CV299","50"
"CV2Z","06"
"CV303","26"
"CV304","27"
"CV305","26"
"CV327","26"
"CV330","22"
"CV346","46"
"CV351","32"
"CV3515","21"
"CV3526","27"
"CV3538","22"
"CV358","26"
"CV3601","22"
"CV3620","23"
"CV3621","23"
"CV3640","23"
"CV3675","45"
"CV3705","35"
"CV3732","45"
"CV3733","15"
"CV3748","45"
"CV375","20"
"CV3755","35"
"CV378","46"
"CV3789","22"
"CV3798","07"
"CV3799","07"
"CV380","26"
"CV385","27"
"CV386","26"
"CV387","27"
"CV3881","21"
"CV3882","32"
"CV3883","56"
"CV3884","35"
"CV3885","26"
"CV3886","26"
"CV3887","26"
"CV3888","37"
"CV3889","27"
"CV3890","27"
"CV3891","46"
"CV3892","46"
"CV3898","51"
"CV3900","35"
"CV3916","20"
"CV3917","22"
"CV3930","22"
"CV3932","22"
"CV3940","22"
"CV3942","35"
"CV394","41"
"CV3954","15"
"CV3955","15"
"CV3961","35"
"CV3963","45"
"CV3965","22"
"CV3979","07"
"CV4003","35"
"CV4004","35"
"CV4005","46"
"CV4008","22"
"CV4012","29"
"CV4013","35"
"CV4017","35"
"CV4018","42"
"CV4022","22"
"CV4024","35"
"CV4025","46"
"CV4025","52"
"CV4026","46"
"CV4028","07"
"CV4084","07"
"CV4100","07"
"CV417","22"
"CV419","22"
"CV423","35"
"CV426","45"
"CV430","20"
"CV431","07"
"CV443","26"
"CV449","07"
"CV450","27"
"CV4505","45"
"CV4507","22"
"CV4508","26"
"CV454","26"
"CV465","26"
"CV466","26"
"CV467","26"
"CV468","22"
"CV469","20"
"CV473","45"
"CV474","42"
"CV475","26"
"CV484","27"
"CV485","50"
"CV492","35"
"CV493","46"
"CV5004","15"
"CV5005","46"
"CV5007","35"
"CV501","17"
"CV502","22"
"CV5034","15"
"CV503","46"
"CV504","41"
"CV5046","35"
"CV5048","50"
"CV5049","50"
"CV5072","46"
"CV5077","27"
"CV5092","26"
"CV5093","27"
"CV5108","62"
"CV5110","26"
"CV5140","20"
"CV5143","04"
"CV5156","26"
"CV5188","07"
"CV5214","35"
"CV5215","36"
"CV5278","05"
"CV5291","04"
"CV5292","50"
"CV541","45"
"CV5463","50"
"CV554","21"
"CV555","51"
"CV558","51"
"CV564","45"
"CV564","46"
"CV565","45"
"CV565","46"
"CV567","45"
"CV568","45"
"CV569","35"
"CV572","46"
"CV573","46"
"CV574","46"
"CV575","46"
"CV578","29"
"CV581","22"
"CV585","26"
"CV586","27"
"CV587","32"
"CV5894","35"
"CV5895","29"
"CV593","46"
"CV596","22"
"CV5986","35"
"CV5989","35"
"CV600","15"
"CV603","22"
"CV603","23"
"CV604","22"
"CV6044","04"
"CV606","22"
"CV609","22"
"CV609","27"
"CV6100","04"
"CV610","23"
"CV611","22"
"CV614","23"
"CV614","32"
"CV615","22"
"CV6165","50"
"CV6166","50"
"CV617","46"
"CV619","46"
"CV620","13"
"CV664","22"
"CV666","45"
"CV667","45"
"CV685","07"
"CV687","22"
"CV726","45"
"CV726","46"
"CV729","46"
"CV753","45"
"CV764","45"
"CV787","29"
"CV791","17"
"CV792","22"
"CV794","21"
"CV796","21"
"CV797","42"
"CV802","22"
"CV803","45"
"CV804","45"
"CV805","51"
"CV8069","27"
"CV807","27"
"CV8073","35"
"CV808","35"
"CV8154","35"
"CV8155","35"
"CV8158","42"
"CV8159","26"
"CV8161","07"
"CV8162","07"
"CV8200","52"
"CV8203","46"
"CV821","24"
"CV821","26"
"CV8215","58"
"CV8216","35"
"CV8221","35"
"CV8223","46"
"CV8225","26"
"CV8227","29"
"CV8232","35"
"CV8237","46"
"CV8247","35"
"CV8248","29"
"CV8312","35"
"CV841","46"
"CV842","46"
"CV8433","36"
"CV8614","35"
"CV8630","04"
"CV871","46"
"CV8731","45"
"CV873","46"
"CV875","35"
"CV876","52"
"CV8976","23"
"CV901","46"
"CV9024","56"
"CV9025","26"
"CV906","22"
"CV907","22"
"CV916","52"
"CV9167","39"
"CV9207","05"
"CV9260","22"
"CV9","27"
"CV927","45"
"CV931","22"
"CV9316","05"
"CV932","22"
"CV932","23"
"CV9331","27"
"CV9341","07"
"CV936","22"
"CV936","24"
"CV942","51"
"CV943","22"
"CV944","22"
"CV9536","63"
"CV9685","45"
"CV9732","05"
"CV9915","26"
"CV9916","22"
"CV996","27"
"CVX2223","02"
"CX112A","22"
"CY1","45"
"CY21","45"
"CY2","45"
"CY31","45"
"CY32","45"
"D10","22"
"D1","20"
"D380B","46"
"D404","23"
"D418","20"
"D61","56"
"D63","21"
"D63","52"
"DA101","20"
"DA-1300","03"
"DA-1310","03"
"DA-1320","03"
"DA-2000","03"
"DA-2010","03"
"DA-2020","03"
"DA-2100","03"
"DA-2110","03"
"DA-2120","03"
"DA-2300","03"
"DA-2310","03"
"DA-2320","03"
"DA50","20"
"DA90","20"
"DAC1","47"
"DAC21","47"
"DAC22","47"
"DAC25","47"
"DAC31","47"
"DAC32","47"
"DAC41","47"
"DAF11","56"
"DAF1","56"
"DAF191","56"
"DAF26","56"
"DAF40","56"
"DAF41","56"
"DAF70","56"
"DAF91","56"
"DAF92","56"
"DAF961","56"
"DAF96","56"
"DAH50","57"
"DB10-111","15"
"DB13-111","15"
"DB13-114","15"
"DB13-116","15"
"DB13-132","15"
"DB13-134","15"
"DB13-154","15"
"DB13-160","15"
"DB13-2","15"
"DB13-54","15"
"DB7-113","15"
"DB7-115","15"
"DB7-116","15"
"DB7-126","15"
"DBC21","32"
"DBC25","32"
"DBC31","32"
"DBM13-136","15"
"DBM13-140","15"
"DC11","22"
"DC193","22"
"DC25","22"
"DC41/W","22"
"DC51","22"
"DC70","22"
"DC80","22"
"DC90","22"
"DC93","22"
"DC96","22"
"DCC90","35"
"DCH11","37"
"DCH1","37"
"DCH21","37"
"DCH22","37"
"DCH25","37"
"DCH31","37"
"DCH41","37"
"DD465","21"
"DD51","23"
"DD818","21"
"DD960","23"
"DDD11","53"
"DDD25","53"
"DDD41","53"
"DDR2","26"
"DE1","22"
"DET19","35"
"DET22","22"
"DF11","26"
"DF1","26"
"DF161","26"
"DF167","26"
"DF191","26"
"DF21","26"
"DF22","26"
"DF23","26"
"DF25","26"
"DF26","26"
"DF31","26"
"DF32","26"
"DF41","26"
"DF51","26"
"DF64","26"
"DF650","26"
"DF651","26"
"DF65","26"
"DF66","26"
"DF668","26"
"DF669","26"
"DF67","26"
"DF70","26"
"DF703","26"
"DF72","26"
"DF73","26"
"DF904","26"
"DF91","26"
"DF92","26"
"DF961","26"
"DF96","26"
"DF97","26"
"DFF101","54"
"DFF50","54"
"DFF51","54"
"DG10-111","15"
"DG107/0","24"
"DG107","24"
"DG13-111","15"
"DG13-114","15"
"DG13-116","15"
"DG13-132","15"
"DG13-134","15"
"DG13-154","15"
"DG13-160","15"
"DG13-2","15"
"DG13-54","15"
"DG2018","24"
"DG210/0","24"
"DG210","24"
"DG407/0","24"
"DG407","24"
"DG4100","24"
"DG4101","24"
"DG7-113","15"
"DG7-115","15"
"DG7-116","15"
"DG7-123","15"
"DG7-125","15"
"DG7-126","15"
"DG7-131","15"
"DG7-132","15"
"DGM13-136","15"
"DGM13-140","15"
"DH63","32"
"DK21","30"
"DK23","04"
"DK25","30"
"DL11","27"
"DL1","27"
"DL161","27"
"DL167","27"
"DL192","27"
"DL193","27"
"DL21","27"
"DL22","27"
"DL2","27"
"DL22T","27"
"DL23","27"
"DL25","27"
"DL26","27"
"DL29","27"
"DL31","27"
"DL33","27"
"DL35","27"
"DL36","27"
"DL41","27"
"DL41W","27"
"DL51","27"
"DL64","27"
"DL65","27"
"DL66","27"
"DL67","27"
"DL68","27"
"DL70","27"
"DL71","27"
"DL72","27"
"DL75","27"
"DL907","27"
"DL91","27"
"DL92","27"
"DL93","27"
"DL94","27"
"DL95","27"
"DL962","27"
"DL96","27"
"DL963","27"
"DLL101","19"
"DLL102","19"
"DLL21","19"
"DLL22","19"
"DLL25","19"
"DM21","41"
"DM70","41"
"DM71","41"
"DN10-111","15"
"DN13-111","15"
"DN13-114","15"
"DN13-116","15"
"DN13-132","15"
"DN13-134","15"
"DN13-154","15"
"DN13-160","15"
"DN13-54","15"
"DN7-113","15"
"DN7-115","15"
"DN7-116","15"
"DN7-124","15"
"DN7-126","15"
"DNM13-136","15"
"DNM13-140","15"
"DO24","23"
"DP10-111","15"
"DP105","26"
"DP13-114","15"
"DP13-116","15"
"DP13-132","15"
"DP13-134","15"
"DP13-154","15"
"DP13-160","15"
"DP13-2","15"
"DP13-54","15"
"DP4","23"
"DP7-116","15"
"DP7-124","15"
"DP7-125","15"
"DP7-126","15"
"DPM13-136","15"
"DPM13-140","15"
"DR-2000","03"
"DR-2010","03"
"DR-2020","03"
"DR-2030","03"
"DR-2100","03"
"DR-2100V1","03"
"DR-2110","03"
"DR-2110V1","03"
"DR-2115","03"
"DR-2120","03"
"DR-2120V1","03"
"DR-2130","03"
"DR-2130V1","03"
"DR-2200","03"
"DR-2200V1","03"
"DR-2210","03"
"DR-2210V1","03"
"DR-2215","03"
"DR-2215V1","03"
"DR-2220","03"
"DR-2220V1","03"
"DR-2230","03"
"DR-2230V1","03"
"DS2018","48"
"DS2218","48"
"DS4100","48"
"DS4101","48"
"DT-1719B","01"
"DT-1730B","01"
"DU412","23"
"DV27/4","23"
"DV40B","50"
"DV56","50"
"DW2X","46"
"DW6","24"
"DX502","23"
"DY30","45"
"DY70","45"
"DY80","45"
"DY86","45"
"DZ10","02"
"E1","23"
"E1436","07"
"E34L (JJE)","27"
"E424","22"
"E428","22"
"E441","24"
"E441N","24"
"E442S","24"
"E444","48"
"E445","24"
"E449","28"
"E453","27"
"E462","24"
"E463","27"
"E80CC","35"
"E88CC (JJE)","35"
"EA111","20"
"EA271","20"
"EA40","20"
"EA41","20"
"EA50","20"
"EA50","45"
"EA52","20"
"EA71","20"
"EA76","20"
"EA766","20"
"EA960","20"
"EA961","20"
"EA962","20"
"EAA11","52"
"EAA171","52"
"EAA901S","52"
"EAA91","52"
"EAB1","49"
"EABC80","33"
"EAC91","47"
"EAF21","56"
"EAF41","56"
"EAF42","56"
"EAF81","56"
"EB11","21"
"EB1","21"
"EB2","21"
"EB34","21"
"EB40","21"
"EB41","21"
"EB4","21"
"EB91","21"
"EBC11","32"
"EBC1","32"
"EBC30","32"
"EBC3","32"
"EBC33","32"
"EBC41","32"
"EBC51","32"
"EBC81","32"
"EBC90","32"
"EBC91","32"
"EBF11","17"
"EBF1","17"
"EBF15","17"
"EBF171","17"
"EBF175","17"
"EBF21","17"
"EBF2","17"
"EBF2G","17"
"EBF32","17"
"EBF80","17"
"EBF89","17"
"EBL1","34"
"EBL21","34"
"EBL31","34"
"EBL71","34"
"EC21","22"
"EC2","22"
"EC271","22"
"EC31","22"
"EC40","22"
"EC41","22"
"EC50","22"
"EC52","22"
"EC53","22"
"EC54","22"
"EC55","22"
"EC56","22"
"EC57","22"
"EC70","22"
"EC71","22"
"EC760","22"
"EC80","22"
"EC81","22"
"EC84","22"
"EC90","22"
"EC91","22"
"EC92","22"
"EC93","22"
"EC94","22"
"ECC171","35"
"ECC180","35"
"ECC31","35"
"ECC32","35"
"ECC33","35"
"ECC34","35"
"ECC35","35"
"ECC40","35"
"ECC801S","35"
"ECC802S","35"
"ECC802S (JJE)","35"
"ECC803 (JJE)","35"
"ECC81","35"
"ECC81 (JJE)","35"
"ECC82","35"
"ECC82 (JJE)","35"
"ECC832 (JJE)","35"
"ECC83","35"
"ECC83S (JJE)","35"
"ECC84","35"
"ECC85","35"
"ECC87","35"
"ECC91","35"
"ECC960","35"
"ECC962","35"
"ECC99 (JJE)","35"
"ECF12","36"
"ECF1","36"
"ECF174","36"
"ECF80","36"
"ECH11","37"
"ECH171","37"
"ECH21","37"
"ECH2","37"
"ECH33","37"
"ECH3","37"
"ECH35","37"
"ECH3B","37"
"ECH3F","37"
"ECH3G","37"
"ECH3S","37"
"ECH41","37"
"ECH42","37"
"ECH43","37"
"ECH4","37"
"ECH4G","38"
"ECH71","37"
"ECH81","38"
"ECL113","39"
"ECL11","39"
"ECL80","39"
"ECL81","39"
"ECL82","39"
"ED111","23"
"ED78","41"
"EDD111","53"
"EDD11","53"
"EDD171","53"
"EEL171","59"
"EEL71","59"
"EEP1","61"
"EF111","26"
"EF112","26"
"EF11","26"
"EF12","26"
"EF1","26"
"EF12SP","26"
"EF13","26"
"EF14","26"
"EF15","26"
"EF172","26"
"EF174","26"
"EF175","26"
"EF176","26"
"EF177","26"
"EF22","26"
"EF2","26"
"EF25","26"
"EF2S","26"
"EF3","26"
"EF36","26"
"EF37","26"
"EF38","26"
"EF39","26"
"EF40","26"
"EF410","26"
"EF41","26"
"EF42","26"
"EF43","26"
"EF50","26"
"EF51","26"
"EF52","26"
"EF5","26"
"EF53","26"
"EF54","26"
"EF55","26"
"EF6","26"
"EF70","26"
"EF71","26"
"EF72","26"
"EF7","26"
"EF73","26"
"EF762","26"
"EF800","26"
"EF802","26"
"EF80","26"
"EF804","26"
"EF804S","26"
"EF805S","26"
"EF806S (JJE)","26"
"EF8","26"
"EF85","26"
"EF860","26"
"EF861","26"
"EF86","26"
"EF87","26"
"EF88","26"
"EF89","26"
"EF91","26"
"EF92","26"
"EF9","26"
"EF93","26"
"EF94","26"
"EF95","26"
"EFF50","54"
"EFF51","54"
"EFM11","18"
"EFM1","18"
"EFP20","62"
"EFP60","62"
"EG200","45"
"EH2","28"
"EK2","30"
"EK3","30"
"EK90","29"
"EL112","27"
"EL11","27"
"EL11/375","27"
"EL12","27"
"EL12/325","27"
"EL1","27"
"EL12Sp","27"
"EL13","27"
"EL150","27"
"EL151","27"
"EL152","27"
"EL153","27"
"EL156","27"
"EL171","27"
"EL172","27"
"EL173","27"
"EL20","27"
"EL22","27"
"EL2","27"
"EL30","27"
"EL31","27"
"EL32","27"
"EL3","27"
"EL33","27"
"EL3/375","27"
"EL34","27"
"EL34 (JJE)","27"
"EL35","27"
"EL36","27"
"EL37","27"
"EL38","27"
"EL3N","27"
"EL401","27"
"EL41","27"
"EL42","27"
"EL43","27"
"EL44","27"
"EL50","27"
"EL509 (JJE)","27"
"EL51","27"
"EL5","27"
"EL53","27"
"EL5/375","27"
"EL54","27"
"EL5G","27"
"EL60","27"
"EL6","27"
"EL6/400","27"
"EL6Sp","27"
"EL803","27"
"EL804","27"
"EL81","27"
"EL821","27"
"EL822","27"
"EL8","27"
"EL83","27"
"EL84","27"
"EL85","27"
"EL861","27"
"EL88","27"
"EL89","27"
"EL90","27"
"EL91","27"
"ELL1","19"
"EM11","41"
"EM1","41"
"EM171","41"
"EM2","41"
"EM31","41"
"EM3","41"
"EM34","41"
"EM35","41"
"EM4","41"
"EM5","41"
"EM71","41"
"EM72","41"
"EM80","41"
"EM83","41"
"EM85","41"
"EML-1605","23"
"EML-20A","22"
"EML-20B","22"
"EML-274A-Mesh","46"
"EML-274B-Mesh","46"
"EML-2A3-Mesh","23"
"EML-2A3-S","23"
"EML-300B","23"
"EML-300B-Mesh","23"
"EML-300B-XLS","23"
"EML-30A","22"
"EML-320B-XLS","23"
"EML-45","23"
"EML-45-Mesh","23"
"EML-520-V2","23"
"EML-520-V3","23"
"EML-5U4G-Mesh","46"
"EML-5Z3-Mesh","46"
"EML-AD1-Mesh","23"
"EMM801","41"
"EN31","42"
"EN70","42"
"EN91","42"
"EQ171","31"
"EQ40","31"
"EQ80","31"
"ER227","22"
"ER2A7","29"
"ER2B7","17"
"ER43","27"
"ER45","23"
"ER56","22"
"ER58","26"
"ER77","26"
"ER80","46"
"ES1","07"
"ES11","07"
"ES2","07"
"EW60","43"
"EX680","46"
"EY1","45"
"EY51","45"
"EY70","45"
"EY80","45"
"EY81","45"
"EY82","45"
"EY84","45"
"EY86","45"
"EY91","45"
"EYY13","51"
"EZ11","46"
"EZ12","46"
"EZ1","46"
"EZ150","46"
"EZ22","46"
"EZ2/3","46"
"EZ2","46"
"EZ33","46"
"EZ3","46"
"EZ35","46"
"EZ40","46"
"EZ41","46"
"EZ4","46"
"EZ80","46"
"EZ81","46"
"EZ90","46"
"EZ91","46"
"F223","13"
"F235","24"
"F247","27"
"F/6064","26"
"FH2118","28"
"FH4105","28"
"FZ1","46"
"G10","23"
"G10/241E","02"
"G10/241K","02"
"G107","22"
"G115","22"
"G150","22"
"G204","45"
"G2080","45"
"G210","22"
"G405","22"
"G406","22"
"G407","22"
"G408","22"
"G409","22"
"G410","22"
"G411","22"
"G412","22"
"G504","46"
"G56","22"
"GC10_4B","04"
"GC10B","04"
"GC10B_L","04"
"GC10BS","04"
"GC10D","04"
"GC12_4B","04"
"GD150M/S","07"
"GL446","22"
"GL446","23"
"GN3","05"
"GN4","05"
"GN4A","05"
"GN4D","05"
"GR100DA","07"
"GR100DM","07"
"GR10A","04"
"GR10M","05"
"GR116","05"
"GR116D","05"
"GR150DA","07"
"GR150DM","07"
"GS10H","04"
"GS12C","04"
"GZ30","46"
"GZ32","46"
"GZ33","46"
"GZ34","46"
"GZ41","46"
"H1918D","24"
"H604","28"
"HABC80","33"
"HBC90","32"
"HBC91","32"
"HCH81","38"
"HF85","26"
"HF93","26"
"HF94","26"
"HG1","45"
"HL90","27"
"HL92","27"
"HL94","27"
"HLI3","22"
"HM34","41"
"HM71","41"
"HM85","41"
"HVR2","45"
"HY90","45"
"IN12A","05"
"IN12B","05"
"IV-13","03"
"IV-16","03"
"IV-9","03"
"JAN-6844A","05"
"JAN-7009","05"
"JAN-7977","05"
"JAN-8037","05"
"JAN-8421","05"
"JAN-8423","05"
"JAN-8502","05"
"JAN-CB 6844A","05"
"JAN-CZ 6844A","05"
"KB1","21"
"KB2","21"
"KBC32","32"
"KC1","22"
"KC3","22"
"KC4","22"
"KC50","22"
"KC51","22"
"KCF30","36"
"KCH1","37"
"KD50","23"
"KDD1","53"
"KDD2","53"
"KF1","26"
"KF2","26"
"KF3","26"
"KF3G","26"
"KF4","26"
"KF7","26"
"KF8","26"
"KH1","28"
"KL1","27"
"KL2","27"
"KL35","27"
"KL4","27"
"KL4G","27"
"KL5","27"
"KL73301","45"
"KLL3","19"
"KLL32","19"
"KR-211","23"
"KR-300B","23"
"KR-300B-Baloon","23"
"KR-300BXLS","23"
"KR-842VHD","23"
"KR-845","23"
"KR-T100","23"
"KR-T1610","23"
"KT66 (JJE)","27"
"KT77 (JJE)","27"
"KT88 (JJE)","27"
"KX5Z3","46"
"KX80","46"
"L10","23"
"L190","23"
"L210","22"
"L410","22"
"L413","23"
"L4138D","27"
"L414","22"
"L414","23"
"L415","22"
"L415","23"
"L4","23"
"L610","22"
"LD210","22"
"LD408","22"
"LD409","22"
"LD410","22"
"LG210","22"
"LG607","22"
"LL25","23"
"LP220","22"
"LP2","22"
"LP4","23"
"LX2260","22"
"LX410","23"
"M1718D","24"
"M2462-201","51"
"M2462-202","20"
"M2462-203","20"
"M2462-204","46"
"M2462-205","22"
"M2462-207C","22"
"M2462-208","22"
"M2462-217","45"
"M2462-218C","45"
"M2462-219","22"
"M2462-221","45"
"M2462-223","22"
"M2462-226","35"
"M2462-227","22"
"M2462-228","35"
"M2462-401","26"
"M2462-402","22"
"M2462-403","45"
"M2462-404","27"
"M2462-405","47"
"M2462-406","26"
"M2462-407","22"
"M2462-408A","21"
"M2462-408B","52"
"M2462-412","32"
"M2462-414","26"
"M2462-415","35"
"M2462-416","22"
"M2462-418","20"
"M2462-420","56"
"M2462-421","26"
"M2462-422","27"
"M2462-423","35"
"M2462-424","27"
"M2462-425","27"
"M2462-426","26"
"M2462-427","35"
"M2462-429","26"
"M2462-432","27"
"M2462-433","45"
"M2462-434C","31"
"M2462-435","27"
"M2462-436","27"
"M2462-437","35"
"M2462-438","35"
"M2462-439C","26"
"M2462-441","27"
"M2462-442","27"
"M2462-449","26"
"M2462-450","32"
"M2462-454","46"
"M2462-455C","22"
"M2462-456","27"
"M2462-460","35"
"M2462-463","26"
"M2462-464","29"
"M2462-465","35"
"M2462-469C","27"
"M2462-472C","26"
"M2462-473C","27"
"M2462-474C","26"
"M2462-477C","27"
"M2462-480","35"
"M2462-484C","26"
"M2462-485C","22"
"M2462-488C","26"
"M2462-492C","46"
"M2462-492C","52"
"M2462-493C","46"
"M2462-495","45"
"M2462-497C","35"
"M2462-502C","27"
"M2462-504","35"
"M2462-506C","27"
"M2462-511C","45"
"M2462-515C","38"
"M2462-518C","56"
"M2462-519C","33"
"M2462-520","22"
"M2462-521C","35"
"M2462-522C","26"
"M2462-523C","46"
"M2462-526C","35"
"M2462-530","35"
"M2462-533","22"
"M2462-534","35"
"M2462-540C","27"
"M2462-541C","45"
"M2462-545","56"
"M2462-546C","36"
"M2462-547C","27"
"M2462-549C","46"
"M2462-550","26"
"M2462-552","45"
"M2462-606","45"
"M2462-607","45"
"M2462-654","45"
"M2462-655","20"
"M2462-656","20"
"M2462-656","45"
"M2462-657","22"
"M2462-658C","22"
"M2462-701C","21"
"M2462-702C","32"
"M2462-703C","56"
"M2462-704C","35"
"M2462-705C","26"
"M2462-706C","26"
"M2462-707C","26"
"M2462-708C","37"
"M2462-709C","27"
"M2462-710C","27"
"M2462-711C","46"
"M2462-712C","46"
"M2462-713C","26"
"M2462-714C","31"
"M2462-715C","37"
"M2462-716C","27"
"M2462-717C","26"
"M2462-718C","56"
"M2462-719C","56"
"M2462-720C","37"
"M2462-721C","22"
"M2462-722C","27"
"M2462-801","22"
"M2462-803","26"
"M2462-807","26"
"M2462-808","27"
"M2462-809","26"
"M2462-811","26"
"M2462-818","27"
"M2462-819","52"
"M2462-828","26"
"M2462-829","26"
"M2462-830","22"
"M2462-833","20"
"M2462-833","45"
"M2462-835","27"
"M2462-836C","34"
"M2462-837C","37"
"M2462-838C","54"
"M2462-843C","26"
"M2462-848","46"
"M2462-850C","34"
"M2462-851C","38"
"M2462-901C","46"
"M2462-902C","46"
"M2462-903C","56"
"M2462-904C","53"
"M2462-905C","26"
"M2462-906C","27"
"M2462-907C","32"
"M2462-908C","17"
"M2462-909C","37"
"M2462-910C","39"
"M2462-911C","53"
"M2462-912C","26"
"M2462-913C","26"
"M2462-914C","26"
"M2462-915C","26"
"M2462-917C","27"
"M2462-918C","27"
"M2462-919C","46"
"M2462-920C","17"
"M2462-921C","37"
"M2462-923C","45"
"M2462-924C","21"
"M2462-925C","46"
"M2462-926C","37"
"M2462-927C","27"
"M2463-052","35"
"M2463-056","27"
"M2463-066","46"
"M2463-070","22"
"M2463-072","27"
"M2463-079","22"
"M2463-079","23"
"M2463-082","27"
"M2463-083","26"
"M2463-084","32"
"M2463-085","26"
"M2463-090","27"
"M2463-091","24"
"M2463-099","37"
"M2463-100","23"
"M2463-103","45"
"M2463-104","46"
"M2463-105","46"
"M2463-122C","47"
"M2463-123C","57"
"M2463-124C","32"
"M2463-125C","26"
"M2463-126C","26"
"M2463-127C","30"
"M2463-128C","27"
"M2463-129C","19"
"M2463-130C","27"
"M2463-131C","27"
"M2463-135C","45"
"M2463-142","27"
"M2463-150","52"
"M2463-164","22"
"M2463-166","27"
"M2463-167","35"
"M2463-170","51"
"M2463-174C","45"
"M2463-177C","46"
"M2463-178","46"
"M2463-179D","46"
"M2463-180","46"
"M2463-181C","46"
"M2463-181D","46"
"M2463-188","17"
"M2463-189","17"
"M2463-196","21"
"M2463-196","52"
"M2463-197E","21"
"M2463-201","26"
"M2463-204","26"
"M2463-206","37"
"M2463-210E","35"
"M2463-213","46"
"M2463-217","35"
"M2463-236","46"
"M2463-237","46"
"M2463-252","35"
"M2463-253C","22"
"M2463-255C","35"
"M2463-256","35"
"M2463-257C","35"
"M2463-261C","37"
"M2463-265","35"
"M2463-266C","46"
"M2463-268","20"
"M2463-270C","46"
"M2463-275","27"
"M2463-501C","21"
"M2463-502C","22"
"M2463-503C","26"
"M2463-504C","27"
"M2463-505C","27"
"M2463-506C","27"
"M2463-507C","46"
"M2463-508C","46"
"M2463-510C","26"
"M2463-511C","26"
"M2463-512C","30"
"M2463-516C","23"
"M2463-517C","30"
"M2463-518C","26"
"M2463-519C","27"
"M2463-520C","17"
"M2463-521C","45"
"M2463-524C","46"
"M2463-525C","37"
"M2463-526C","45"
"M2463-529C","32"
"M2463-530C","21"
"M2463-531C","37"
"M2463-532C","18"
"M2463-533C","26"
"M2463-534C","26"
"M2463-535C","26"
"M2463-536C","26"
"M2463-537C","27"
"M2463-538C","27"
"M2463-539C","46"
"M2463-540C","46"
"M2463-541C","46"
"M2463-542C","22"
"M2463-544C","27"
"M2463-547C","45"
"M2463-551C","27"
"M2463-552C","23"
"M2463-553C","27"
"M2463-556C","27"
"M2463-558","26"
"M2463-602","35"
"M2463-605C","22"
"M2463-606","23"
"M2463-607C","27"
"M2463-608C","17"
"M2463-609","46"
"M2463-610","17"
"M2463-611","26"
"M2463-613","45"
"M2463-616","22"
"M2463-616","23"
"M2463-617","45"
"M2463-618","46"
"M2463-623","51"
"M2463-624","45"
"M2463-625","23"
"M2463-631","22"
"M2463-632","26"
"M2463-633","26"
"M2463-635","22"
"M2463-636","46"
"M2463-637","46"
"M2463-645C","22"
"M2463-647","35"
"M2463-650","26"
"M2463-652","46"
"M2463-662","63"
"M2463-801C","46"
"M2463-803C","22"
"M2463-804C","27"
"M2463-808","22"
"M2463-809","22"
"M2463-810","22"
"M2463-818","23"
"M2463-828","29"
"M2463-830","21"
"M2463-830","22"
"M2463-830","23"
"M2463-833","22"
"M2463-836","22"
"M2463-839","45"
"M2463-843","22"
"M2463-863C","22"
"M2463-876C","46"
"M2463-877C","46"
"M2463-896C","27"
"M2464-058C","45"
"M2465-401C","04"
"M2465-601C","44"
"M2465-601C","46"
"M2465-616","46"
"M2465-645C","22"
"M2465-851","07"
"M2465-852","07"
"M2465-853","07"
"M2465-856","07"
"M2465-857","07"
"M2465-858","07"
"M2465-859","07"
"M2465-861","07"
"M2465-862","07"
"M2465-863","07"
"M2465-864","07"
"M2465-867","07"
"M2465-873C","07"
"M2465-874C","07"
"M2465-875C","07"
"M2465-876","07"
"M2465-880C","07"
"M2465-885C","07"
"M2465-890C","07"
"M2465-892","07"
"M2465-895","07"
"M2465-897","07"
"M2465-898C","07"
"M2465-899C","07"
"M2466-321C","50"
"M2467-805","13"
"M2467-806","13"
"M2467-810","13"
"M2467-814C","13"
"M2726 102500","05"
"M2727-101C","41"
"M2727-102","41"
"M2727-103","41"
"M2727-105","27"
"M2727-106","41"
"M2727-107","41"
"M2727-109C","41"
"M2727-111C","41"
"M2727-112","41"
"M2727-113C","41"
"M2727-114C","41"
"M2727-115C","41"
"M2727-311","15"
"M2727-312","15"
"M2727-325","15"
"M2727-326","15"
"M54","23"
"M8026","07"
"M8097","47"
"M8098","07"
"M8224","07"
"Marconi_R","22"
"MAZ1","46"
"MCL4","27"
"MDAC21","47"
"MDF21","26"
"MDK21","30"
"ME4","41"
"ME6","41"
"MEB4","21"
"MEBC3","32"
"MEF5","26"
"MEF9","26"
"MEK2","30"
"MEM1","41"
"MH1118","29"
"MH2018","28"
"MH4100","28"
"MH4105","29"
"MO465","30"
"MR2","22"
"MR3","22"
"MR41","22"
"MR4","22"
"MR51","24"
"MR5","24"
"MR6","22"
"MRW1","22"
"MRW","22"
"MRX","22"
"MRY","22"
"MUCH21","38"
"MUF9","26"
"MUM4","41"
"MUY1","45"
"N1542","27"
"N16","27"
"N27","22"
"N41","27"
"NDD51","21"
"NHP51","26"
"NL1265","05"
"NL4021","05"
"NL4021A","05"
"NL4021AL","05"
"NL4031","05"
"NL4032","05"
"NL4038","05"
"NL4041","05"
"NL4998","05"
"NL49989","05"
"NL49990","05"
"NL5016","05"
"NL50347","05"
"NL5440","05"
"NL5440A","05"
"NL5441","05"
"NL54417","05"
"NL5441A","05"
"NL5442","05"
"NL5442A","05"
"NL5445","05"
"NL5870","05"
"NL5870L","05"
"NL5870S","05"
"NL5870ST","05"
"NL5870T","05"
"NL5961","05"
"NL6844A","05"
"NL7009","05"
"NL7153","05"
"NL7977","05"
"NL803","05"
"NL8037","05"
"NL807","05"
"NL809","05"
"NL821","05"
"NL840","05"
"NL841","05"
"NL842","05"
"NL8421","05"
"NL8423","05"
"NL842PT","05"
"NL843","05"
"NL848","05"
"NL8502","05"
"NL856","05"
"NL876","05"
"NL918","05"
"NL987","05"
"NR48","32"
"NR49","26"
"NR52","22"
"NR55","21"
"NR55","22"
"NR55","23"
"NR68","32"
"NR73","35"
"NR81","26"
"NR85","27"
"NU20","46"
"NU58L","26"
"NX112A","22"
"NY224","24"
"OBC3","32"
"OBF2","17"
"OF1","26"
"OF5","26"
"OF9","26"
"OG3","04"
"OG4","04"
"OM10","37"
"OM5","41"
"OM6","26"
"OR1","22"
"OSW3103","27"
"OSW3117","27"
"OSW3121","46"
"OSW3806","07"
"OSW3808","07"
"P15/250","23"
"P190","23"
"P2018","23"
"P215","23"
"P220","23"
"P2","27"
"P280","46"
"P3","23"
"P4100","23"
"P410","23"
"P414","23"
"P415","23"
"P425","23"
"P430","23"
"P441N","27"
"P455","23"
"P460","23"
"P614","23"
"P615","23"
"PAB1","49"
"PBF2","17"
"PCC84","35"
"PCC85","35"
"PCF80","36"
"PCF82","36"
"PCL81","39"
"PCL82","39"
"PD220","22"
"PH2018","28"
"PH247","27"
"PL11","27"
"PL33","27"
"PL36","27"
"PL38","27"
"PL81","27"
"PL82","27"
"PL83","27"
"PL84","27"
"PM07","26"
"PM5","41"
"PP2018","27"
"PP220","27"
"PP222","27"
"PP230","27"
"PP4018","27"
"PP4100","27"
"PP4101","27"
"PP4118","27"
"PP415","27"
"PP416","27"
"PP430","27"
"PP431","27"
"PP610","27"
"PP616","27"
"PP6AS","27"
"PPX2470","27"
"PV4100","46"
"PV4200","46"
"PV4201","46"
"PV430","46"
"PV475","46"
"PV480","46"
"PV495","46"
"PX1120","22"
"PX1710","22"
"PX2100","23"
"PX2450","23"
"PX2500","23"
"PX25","23"
"PX4","23"
"PY31","45"
"PY71","45"
"PY80","45"
"PY81","45"
"PY82","45"
"PY83","45"
"PZ","27"
"PZ30","46"
"QQE03/20","63"
"QS1205","07"
"QS1209","07"
"QS92-10","07"
"QV05-10","27"
"R0424","45"
"R150","22"
"R2018","22"
"R208","22"
"R406","22"
"R408","22"
"R412","22"
"R52","46"
"RE124","23"
"RE134","22"
"RE134","23"
"RE4100","46"
"RE604","23"
"REN704d","24"
"REN904","22"
"REN914","22"
"RENS1204","24"
"RENS1234","28"
"RENS1374d","27"
"RENS1384","27"
"RENS1819","24"
"RENS324","24"
"RENS351","24"
"RES347","27"
"RGN1054","46"
"RGN1064","46"
"RGN354","45"
"RGN380","46"
"RGN564","45"
"RK10","23"
"RK34","35"
"RL16","22"
"RL18","22"
"RL37","22"
"RS4342","24"
"S2018","24"
"S209","26"
"S210","24"
"S220","24"
"S406","24"
"S407","24"
"S410","24"
"S410N","24"
"SE2018","24"
"SE2118","24"
"SP220","22"
"SP230","22"
"SP614","22"
"SR2A","07"
"SR3A","07"
"SR4","07"
"SR41","07"
"SR42","07"
"SR43","07"
"SR44","07"
"SR5","07"
"SR51","07"
"SR52","07"
"SR53","07"
"SR54","07"
"SR55","07"
"SR56","07"
"SR57","07"
"SR6","07"
"SR7","07"
"SS2018","24"
"STR150/30","07"
"STR280/40","07"
"STR85/10","07"
"STV100/25ZII","07"
"STV100/60","07"
"STV100/60Z","07"
"STV100/60ZII","07"
"STV108/30","07"
"STV150/15","07"
"STV150/20","07"
"STV150/250","07"
"STV150/30","07"
"STV150/60","07"
"STV280/40","07"
"STV280/40Z","07"
"STV280/80","07"
"STV280/80Z","07"
"STV500/0.1","07"
"STV70/60","07"
"STV70/6","07"
"STV75/5R","07"
"STV75/5Z","07"
"StV85/10","07"
"STV85/8","07"
"SV220","24"
"SV490","24"
"TAB1","21"
"TAB2","21"
"TABC1","32"
"TAC2","22"
"TACH1_(1)","37"
"TACH1_(2)","37"
"TAD1","23"
"TAF3","26"
"TAF7","26"
"TAK2","30"
"TAL1","27"
"TAL2","27"
"TAL4","27"
"TAL5","27"
"TAZ1","46"
"TB06","23"
"TB09","23"
"TB1","21"
"TB2","21"
"TBC1","32"
"TC1","06"
"TC2","06"
"TC2","22"
"TCB2","21"
"TCBC1","32"
"TCC2","22"
"TCF3","26"
"TCK1","30"
"TCL2","27"
"TCL4","27"
"TCY1","45"
"TCY2","45"
"TD03-10","22"
"TE24","22"
"TEB4","21"
"TEBC3","32"
"TEF5","26"
"TEF6","26"
"TEK2","30"
"TEL2","27"
"TEL3","27"
"TEL5","27"
"TEZ2","46"
"TEZ3","46"
"TEZ4","46"
"TF2","26"
"TF3","26"
"TF7","26"
"TH401_(1)","37"
"TH401_(2)","37"
"TK1","30"
"TK2","30"
"TKF3","26"
"TKF4","26"
"TL1","27"
"TL2","27"
"TL425","22"
"TV6","41"
"TV80","46"
"TZ1","46"
"U10","46"
"U4100D","24"
"U412","23"
"UAA11","52"
"UAA171","52"
"UAA91","52"
"UABC80","33"
"UAF21","56"
"UAF41","56"
"UAF42","56"
"UB1","21"
"UB2","21"
"UB41","21"
"UBC1","32"
"UBC41","32"
"UBC81","32"
"UBF11","17"
"UBF15","17"
"UBF171","17"
"UBF175","17"
"UBF2","17"
"UBF80","17"
"UBF89","17"
"UBL1","34"
"UBL21","34"
"UBL3","34"
"UBL71","34"
"UC2","22"
"UC92","22"
"UCC171","35"
"UCC85","35"
"UCF12","36"
"UCF174","36"
"UCH11","37"
"UCH171","37"
"UCH21","38"
"UCH41","37"
"UCH42","37"
"UCH43","37"
"UCH4","38"
"UCH5","38"
"UCH71","38"
"UCH81","38"
"UCL81","39"
"UCL82","39"
"UCY2","45"
"UDD171","53"
"UEL11","60"
"UEL171","59"
"UEL51","60"
"UEL71","59"
"UF10","26"
"UF11","26"
"UF1","26"
"UF14","26"
"UF15","26"
"UF172","26"
"UF174","26"
"UF175","26"
"UF176","26"
"UF177","26"
"UF21","26"
"UF2","26"
"UF3","26"
"UF40","26"
"UF41","26"
"UF42","26"
"UF43","26"
"UF5","26"
"UF6","26"
"UF80","26"
"UF85","26"
"UF89","26"
"UF9","26"
"UFC","27"
"UFM11","18"
"UK1","30"
"UL11","27"
"UL12","27"
"UL1","27"
"UL171","27"
"UL21","27"
"UL2","27"
"UL41","27"
"UL43","27"
"UL44","27"
"UL46","27"
"UL71","27"
"UL84","27"
"ULP51","27"
"UM11","41"
"UM171","41"
"UM34","41"
"UM35","41"
"UM4","41"
"UM80","41"
"UM83","41"
"UM85","41"
"UPG105","29"
"UQ80","31"
"Ut2A7","29"
"Ut2B7","17"
"Ut6A7","29"
"Ut6B7","17"
"Ut6F7","36"
"UX112A","22"
"UX210","23"
"UX280","46"
"UX281","45"
"UY11","45"
"UY1","45"
"UY21","45"
"UY224","24"
"UY22","45"
"UY224A","24"
"UY227","22"
"UY235","24"
"UY2","45"
"UY247","27"
"UY24B","24"
"UY31","45"
"UY3","45"
"UY41","45"
"UY42","45"
"UY4","45"
"UY76","22"
"UY82","45"
"UY85","45"
"UY86","45"
"UY92","45"
"UYY53","51"
"UZ2A5","27"
"UZ2A6","32"
"UZ42","27"
"UZ55","32"
"UZ57","26"
"UZ58A","26"
"UZ6C6","26"
"UZ75","32"
"UZ77","26"
"UZ78","26"
"V190C/1M","50"
"V2018","45"
"V2118","45"
"V230A/1K","50"
"V233A/1K","50"
"V235A/1K","50"
"V237C/1K","50"
"V237C/2K","50"
"V238A/1K","50"
"V238A/2KS","50"
"V239C/1K","50"
"V239C/2K","50"
"V240C/1K","50"
"V240C/2K","50"
"V241C/1K","50"
"V241C/2K","50"
"V243A/2FS","50"
"V245C/1K","50"
"V2","46"
"V246A/1K","50"
"V246A/2K","50"
"V247C/1K","50"
"V249C/1K","50"
"V4200","45"
"V430","45"
"V460","45"
"V475","45"
"V495","45"
"V580","46"
"V62","23"
"VBF11","17"
"VC1","22"
"VCH11","37"
"VEL11","60"
"VF14","26"
"VF3","26"
"VF7","26"
"VG3116","46"
"VG3716","46"
"VG5007","46"
"VL1","27"
"VL4","27"
"VR105","07"
"VR107","29"
"VR117","22"
"VR136","26"
"VR137","22"
"VR150","07"
"VR150/30","07"
"VR21","22"
"VR45","07"
"VR53","26"
"VR54","21"
"VR55","32"
"VR57A","30"
"VR75","07"
"VR90","07"
"VR91","26"
"VR91A","26"
"VT115A","24"
"VT119","45"
"VT125","27"
"VT126","46"
"VT126A","46"
"VT137","23"
"VT139","07"
"VT145","46"
"VT167A","37"
"VT197","46"
"VT200","07"
"VT202","22"
"VT214","52"
"VT215","27"
"VT224","35"
"VT252","13"
"VT25","23"
"VT25A","22"
"VT260","07"
"VT28","24"
"VT29","22"
"VT35","24"
"VT47","27"
"VT50","23"
"VT52","27"
"VT56","22"
"VT57","26"
"VT58","26"
"VT66A","27"
"VT68","17"
"VT69","26"
"VT70","36"
"VT75","32"
"VT76","22"
"VT77","26"
"VT78","26"
"VT80","46"
"VT83","46"
"VT84","46"
"VT86A","26"
"VT92A","32"
"VT93","17"
"VT94A","22"
"VT95","23"
"VX2810","45"
"VX9194","04"
"VX9194_4B","04"
"VY1","45"
"VY2","45"
"W147","26"
"W462","24"
"W6","46"
"WE14","27"
"WE18","18"
"WE21","30"
"WE25","26"
"WE31","21"
"WE32","30"
"WE33","26"
"WE34","26"
"WE35","27"
"WE36","21"
"WE37","32"
"WE38","27"
"WE39","22"
"WE40_(1)","37"
"WE40_(2)","37"
"WE41","34"
"WE42","27"
"WE54","46"
"WE55","46"
"WE56","46"
"WT1","45"
"X143","37"
"X150","37"
"X61M","37"
"Y-1938","01"
"Y-1939","01"
"Y25","41"
"Y-4112","01"
"Z303C","04"
"Z47","27"
"Z503M","04"
"Z504S","04"
"Z505S","04"
"Z510M","05"
"Z520M","05"
"Z5220M","05"
"Z522M","05"
"Z5600M","05"
"Z560M","05"
"Z564S","04"
"Z566M","05"
"Z90","26"
"ZA5307","37"
"ZM1000","05"
"ZM1000E","05"
"ZM1000R","05"
"ZM1001","05"
"ZM1001E","05"
"ZM1001R","05"
"ZM1002","05"
"ZM1005","05"
"ZM1005R","05"
"ZM1010","05"
"ZM1011","05"
"ZM1012","05"
"ZM1013","05"
"ZM1014","05"
"ZM1020/01","05"
"ZM1020","05"
"ZM1022","05"
"ZM1040","05"
"ZM1042/01","05"
"ZM1042","05"
"ZM1060","04"
"ZM1070","04"
"ZM1162","05"
"ZM1186","05"
"ZM1188","05"
"ZM1330","05"
"ZM1330K","05"
"ZM1332","05"
"ZM1332F","05"
"ZM1332K","05"
"ZM1334","05"
"ZM1334K","05"
"ZM1335","05"
"ZM1335K","05"
"ZM1336","05"
"ZM1336K","05"
"ZM1337","05"
"ZM1337K","05"
"ZM562S","04"
"ZZ1000","07"
"ZZ1010","07"
"ZZ1020","07"
"ZZ1030","07"
"ZZ1040","07"
